pathway_name,distance,n
M00001,0.07005498472113403,659
M00002,0.05713261016233899,311
M00003,0.03898679296479143,383
M00004,0.050233064351697096,175
M00005,0.22720433390093692,158
M00006,0.06663351329975804,50
M00007,0.05631614340759526,112
M00008,0.116971340803854,25
M00009,0.17177802956625968,830
M00010,0.21663066104761525,352
M00011,0.1365483857424604,494
M00012,0.29028154594994965,308
M00013,0.049933084414662286,258
M00014,0.0974992122988547,679
M00015,0.13554965375917458,198
M00017,0.22800790774201657,172
M00019,0.1288091152726011,242
M00020,0.028918962127899458,139
M00027,0.08658328735526687,324
M00028,0.2897718940031758,37
M00029,0.12525858346427962,345
M00032,0.11776009329398725,563
M00034,0.19824109824684788,723
M00035,0.12374988352294392,629
M00036,0.16700890947751892,667
M00037,0.17412956929400242,423
M00038,0.11441176644714353,361
M00042,0.03260640988984273,313
M00043,0.10562392638333622,58
M00044,0.033339943742097936,312
M00045,0.07868101214365238,183
M00046,0.0669379170770053,138
M00047,0.12027809646575462,801
M00048,0.12187058661395132,395
M00049,0.13111719533499527,704
M00050,0.2480931795788855,683
M00051,0.057621760693883674,227
M00052,0.11970318575602945,542
M00053,0.03576604643612259,939
M00055,0.016126873831475014,414
M00056,0.0164917753320213,922
M00057,0.03710602359027691,247
M00058,0.025520450971140148,249
M00059,0.06520391083282256,605
M00065,0.03870733521261974,375
M00066,0.08150052159268446,231
M00067,0.10842879603524272,122
M00068,0.1536752631546472,261
M00069,0.02359470453163261,318
M00070,0.13889039897757247,212
M00071,0.17320467906725087,165
M00072,0.053065982324638584,428
M00073,0.10551479995896078,358
M00074,0.10604056031398834,301
M00075,0.017846734344803657,497
M00076,0.09819426178107461,332
M00077,0.09761797584607035,407
M00078,0.02937315484565,407
M00079,0.11485702284383086,205
M00082,0.03306535629982487,319
M00083,0.07753171661600265,196
M00085,0.10040418396368309,299
M00086,0.08748374384327247,208
M00087,0.0651006556315467,380
M00088,0.060132084499345345,267
M00089,0.05587656246575857,965
M00090,0.02181194716764495,235
M00091,0.03794561502884915,99
M00092,0.08149443588938053,249
M00093,0.022225613641680048,144
M00094,0.10528270520816804,596
M00095,0.06565066255246246,339
M00096,0.11150847587324782,35
M00098,0.0863861699735772,1154
M00099,0.09461618912709538,742
M00100,0.02425351237792706,268
M00101,0.0752748748180897,708
M00102,0.08181258325989672,584
M00103,0.05333448307541122,123
M00104,0.026881008878685355,526
M00106,0.060409843396618375,207
M00107,0.10454503713345395,143
M00108,0.11922579913387966,225
M00109,0.01488045315876536,341
M00110,0.04544023152169178,173
M00113,0.05316755033406566,161
M00114,0.04385106201840478,154
M00115,0.08450412810090989,379
M00118,0.10093821787469665,105
M00119,0.1288091152726011,242
M00120,0.0958436504487369,583
M00121,0.15371203639590247,353
M00122,0.08470610213631469,220
M00124,0.050264643284798176,89
M00126,0.19762722991600568,421
M00128,0.03654910962216212,247
M00129,0.09118805875813944,546
M00130,0.04027159337311748,760
M00131,0.03532771962349693,136
M00132,0.052569097457776645,178
M00133,0.17863899652646162,126
M00134,0.11072619923974006,89
M00135,0.04417766698447491,202
M00140,0.03958947555452329,116
M00141,0.07344586531669747,198
M00143,0.057994241739069766,126
M00146,0.031067908986672183,377
M00147,0.11115251972155876,143
M00148,0.2787881452319419,167
M00151,0.16471075827425696,93
M00152,0.06927295816077333,330
M00154,0.10807980394585871,367
M00158,0.09957154314210404,448
M00160,0.15463648659221363,498
M00165,0.030692522519803995,323
M00168,0.17892173722914398,70
M00169,0.0904005270701959,132
M00170,0.032113044080260916,251
M00171,0.1373067619148202,403
M00172,0.0904005270701959,132
M00173,0.1309041074526301,196
M00307,0.02530779672553406,369
M00308,0.10924128769858063,108
M00338,0.13476130764999195,102
M00344,0.05924469676225399,138
M00345,0.09580032963271348,115
M00346,0.13334810386370402,257
M00357,0.11206217931434853,86
M00364,0.11150847587324782,35
M00365,0.11150847587324782,35
M00366,0.2199029696169019,132
M00367,0.17166196172823744,154
M00368,0.24943652128815527,259
M00373,0.10178370394050909,270
M00374,0.05622659284476925,107
M00375,0.050896003831386684,153
M00376,0.09668747285679304,143
M00415,0.059254870732150904,562
M00532,0.09829000297161158,407
M00546,0.11015617373468282,104
M00549,0.0988237092008822,436
M00552,0.10924128769858063,108
M00554,0.05441521026489441,150
M00555,0.14924396156939726,41
M00565,0.05022260605058781,31
M00570,0.14530085419006827,358
M00572,0.07085608243662232,190
M00580,0.19149085233258714,15
M00609,0.24943652128815527,259
M00621,0.06476338683389732,194
M00632,0.06756639832950498,222
M00740,0.11840569238462882,188
M00741,0.1612363256919122,177
M00761,0.09304449079622985,19
M00793,0.13541088376864527,228
M00840,0.32399689770072515,123
M00841,0.19923498201417164,59
M00842,0.11233680855646928,128
M00843,0.1318889420770649,120
M00844,0.1393342072959577,253
M00845,0.2314086527240822,177
M00846,0.13552536850668515,89
M00849,0.062337877458386294,328
M00854,0.07978213116724843,286
M00855,0.018767189950651676,224
M00861,0.07123665669542337,267
M00862,0.13075763158340553,125
M00868,0.06400235082160198,371
M00872,0.023565453486068005,630
M00873,0.07519882968618517,430
M00874,0.09991870339788803,471
M00880,0.1776931725089737,159
M00881,0.0868615297643478,31
M00882,0.08262269080533466,82
M00883,0.140264481154804,97
M00884,0.0868615297643478,31
M00885,0.04938431011130617,184
M00886,0.04938431011130617,184
M00892,0.21693102442883852,480
M00897,0.10974615342267721,41
M00898,0.10974615342267721,41
M00909,0.272213661654529,418
M00911,0.1529068367678621,117
M00912,0.08349875668443539,496
M00913,0.1122741797603251,67
M00917,0.09475724688808701,360
M00926,0.10257674933470905,213
M00936,0.2474713530345717,59
M00938,0.03222565288752758,960
M00953,0.24943652128815527,259
M00955,0.05753853989921231,252
M00957,0.05618018740327854,215
M00958,0.05135515603238187,573
M00959,0.09680602165191542,391
M00968,0.07234915144175315,9
M00970,0.1595525339434221,483
M00972,0.16401404175205464,660
M00974,0.15183109803050646,310
M00975,0.060944613282254805,162
M00976,0.07342621422049057,412
M00977,0.07686955463309808,400
M00978,0.1288021785498714,266
M00981,0.2474713530345717,59
M00982,0.12207347395158472,70
M00983,0.061073644339468186,265
M00987,0.14112902004503503,84
M00988,0.1318889420770649,120
M00991,0.16804436850070337,104
M00992,0.16804436850070337,104
M00994,0.10191920185966924,55
M00995,0.33174827610944807,376
M00997,0.048672741882788806,77
M00999,0.09304449079622985,19
M01000,0.04385106201840478,154
M01001,0.11697785972728963,167
M01002,0.33174827610944807,376
M01003,0.062109537286303314,117
M01004,0.1018648725917096,17
M01006,0.025137117325497838,99
M01015,0.07469549334600906,365
M01016,0.20333490510695212,26
M01017,0.32124341379369775,9
M01018,0.32124341379369775,9
M01019,0.32124341379369775,9
M01020,0.32124341379369775,9
M01022,0.13541088376864527,228
M01023,0.13541088376864527,228
M01024,0.13541088376864527,228
M01025,0.13541088376864527,228
M01026,0.13541088376864527,228
M01027,0.13541088376864527,228
M01034,0.32124341379369775,9
hsa00010,0.061089872729725644,1626
hsa00020,0.146019078749483,1073
hsa00030,0.06141118979414386,576
hsa00040,0.1051552600818299,982
hsa00051,0.022108645641660787,1587
hsa00052,0.06921120584951415,1213
hsa00053,0.08635590847503798,718
hsa00061,0.05271423461413947,742
hsa00062,0.12002956311400399,1091
hsa00071,0.06764611007001109,1221
hsa00100,0.06148865436641346,1012
hsa00120,0.03199418543412885,596
hsa00130,0.016087669477251508,527
hsa00140,0.08419177676100653,1686
hsa00190,0.08603786466353754,2011
hsa00220,0.11144212489352893,890
hsa00230,0.055407003371972526,4200
hsa00232,0.057511543607351195,305
hsa00240,0.024190760933314875,2134
hsa00250,0.14146689466368217,1613
hsa00260,0.024645957382927453,1566
hsa00270,0.15430961430568152,1797
hsa00280,0.12966222502016156,1416
hsa00290,0.14530085419006827,358
hsa00310,0.021022232261780557,3130
hsa00330,0.032988650464190736,1728
hsa00340,0.07654089471207554,690
hsa00350,0.11267116687124122,1334
hsa00360,0.1126026879768681,655
hsa00380,0.10942649171739488,1404
hsa00400,0.035011359826733784,420
hsa00410,0.06698981121785451,1203
hsa00430,0.0828319671794651,809
hsa00440,0.07520567609054216,222
hsa00450,0.18792546636322657,948
hsa00470,0.0601951225149597,201
hsa00480,0.04896723059215839,1894
hsa00500,0.09408467820316434,1224
hsa00510,0.05754969552835969,1836
hsa00511,0.059727478709633505,442
hsa00512,0.015432052002246583,1175
hsa00513,0.068245463363106,1515
hsa00514,0.038607827123459726,1490
hsa00515,0.014519300923941084,1043
hsa00520,0.1242345506553487,1343
hsa00524,0.10406538430942018,262
hsa00531,0.062190043930574875,740
hsa00532,0.010110435500817336,843
hsa00533,0.015372350393718696,585
hsa00534,0.03537857347924696,899
hsa00541,0.13704643939025585,780
hsa00561,0.07559390012447774,2563
hsa00562,0.03880118538352146,3088
hsa00563,0.013366614420062494,822
hsa00564,0.07772749693976001,2651
hsa00565,0.05653348196582874,1304
hsa00590,0.035041790782863326,2178
hsa00591,0.07267484616580434,788
hsa00592,0.03718749998648933,660
hsa00600,0.028152682538539378,1481
hsa00601,0.03852568550145642,747
hsa00603,0.027746485132310372,547
hsa00604,0.0741475654220495,732
hsa00620,0.06695845700975676,1273
hsa00630,0.1521734935689862,950
hsa00640,0.07791590120369257,1090
hsa00650,0.0929298628095925,797
hsa00670,0.17612208921281874,1207
hsa00730,0.10981570090368381,805
hsa00740,0.1452409027219732,421
hsa00750,0.05035629034155933,227
hsa00760,0.07441920179396318,1273
hsa00770,0.11599630190557875,1285
hsa00780,0.031247329784386806,226
hsa00785,0.09183024632554118,749
hsa00790,0.15839993373290814,1051
hsa00830,0.09991708106006784,1920
hsa00860,0.10900584926280579,1314
hsa00900,0.14436387799403966,864
hsa00910,0.16793369580030199,435
hsa00920,0.06748755167098991,308
hsa00970,0.1618249015741056,2737
hsa00980,0.08178000237715768,1513
hsa00982,0.07422099401145234,1438
hsa00983,0.044654518508809526,2174
hsa01040,0.0878291252701325,881
hsa01100,0.03834318184103124,27850
hsa01200,0.10100733132227514,2769
hsa01210,0.156526283352051,1453
hsa01212,0.1118521956035842,1868
hsa01230,0.15654307064499765,2141
hsa01232,0.05241798524376611,2652
hsa01240,0.11604480123375091,4191
hsa01250,0.15212801038578028,1615
hsa01320,0.14112902004503503,84
hsa01521,0.03369119299799656,3705
hsa01522,0.01816552970845857,4852
hsa01523,0.09977871327906547,1473
hsa01524,0.011555740330974557,3013
hsa02010,0.07874884010446424,3138
hsa03008,0.04524074836256752,2869
hsa03010,0.06289555221776356,1834
hsa03013,0.0408900573800929,3282
hsa03015,0.06214030378432344,3118
hsa03018,0.05887909862197807,2651
hsa03020,0.12818341155268026,915
hsa03022,0.07246496428198462,1407
hsa03030,0.09589899560831858,1080
hsa03040,0.10965243074050665,3821
hsa03050,0.10781362080607484,1298
hsa03060,0.1405287586755604,1127
hsa03082,0.020030083976940314,3811
hsa03083,0.03239617004845502,2904
hsa03250,0.029428201021224946,3074
hsa03260,0.02550706316960093,343
hsa03264,0.041444689829707594,412
hsa03265,0.10865221973489923,866
hsa03266,0.07785493043459871,734
hsa03267,0.02352407587895475,231
hsa03271,0.2005470899462642,199
hsa03272,0.037183550725522915,1279
hsa03273,0.029405203769293054,1654
hsa03320,0.06551230617656217,2325
hsa03410,0.09683039084504262,1678
hsa03420,0.10419239098015683,1611
hsa03430,0.09679134514890446,1011
hsa03440,0.03648576921836307,1813
hsa03450,0.01801732450591969,808
hsa03460,0.01751742312291918,2263
hsa04010,0.0238314569715463,10289
hsa04012,0.020687518123692898,3754
hsa04014,0.03205655231086327,6943
hsa04015,0.05882871954920414,8114
hsa04020,0.0706729361462538,10039
hsa04022,0.09014504879911847,6420
hsa04024,0.06306954536062374,7895
hsa04060,0.04164700069232898,5503
hsa04061,0.02068588640364062,2212
hsa04062,0.049195230186611906,5696
hsa04064,0.02707136386437639,3301
hsa04066,0.07141169580443367,3498
hsa04068,0.008007530273371253,5185
hsa04070,0.049994315693272354,3411
hsa04071,0.02707960868443314,4720
hsa04072,0.05013595586872346,5910
hsa04080,0.02769653465810049,8422
hsa04081,0.05992399465332475,6139
hsa04082,0.058872953089407626,5785
hsa04110,0.03966919149547409,5356
hsa04114,0.035094010660102606,4147
hsa04115,0.047826277244085384,2792
hsa04120,0.026985959609949112,4391
hsa04122,0.09234808632754332,328
hsa04130,0.07234253893509367,717
hsa04136,0.05613253400879103,1172
hsa04137,0.02571726684808404,4175
hsa04140,0.0205747659241922,6177
hsa04141,0.07728193512477222,4523
hsa04142,0.03431867115239594,4060
hsa04144,0.059281178375847225,6812
hsa04145,0.10315812147866013,3982
hsa04146,0.06109039325043514,2487
hsa04148,0.07365309159396827,7119
hsa04150,0.04512355986368518,5109
hsa04151,0.00946176628452204,11892
hsa04152,0.06612338415272886,4073
hsa04210,0.012185901926725815,5446
hsa04211,0.04621673642972226,4132
hsa04213,0.03571663453909908,2801
hsa04215,0.01734027773892042,1413
hsa04216,0.035244031987412335,1973
hsa04217,0.07222060456103814,3729
hsa04218,0.008819871046516402,6736
hsa04260,0.09906784685147213,2941
hsa04261,0.09842744050870217,5136
hsa04270,0.09534308975866049,4966
hsa04310,0.018730051761914196,6396
hsa04330,0.008755254647094585,2787
hsa04340,0.06961149004813783,2705
hsa04350,0.015252421852467868,4095
hsa04360,0.041395515013996284,7751
hsa04370,0.04259060410798974,2783
hsa04371,0.02881089811943381,5612
hsa04380,0.06659314877117226,4529
hsa04382,0.03192912600262214,6377
hsa04390,0.011949594561038123,4921
hsa04392,0.02348018698459923,1884
hsa04510,0.07071253689839238,8325
hsa04512,0.03585256153656394,5123
hsa04514,0.03685811000227241,5060
hsa04520,0.04845179356763686,4376
hsa04530,0.10092046333378021,6758
hsa04540,0.06163045242332756,3977
hsa04550,0.024319625504090062,5602
hsa04610,0.041829975334632966,3103
hsa04611,0.09396528232379085,4777
hsa04612,0.05271686839198379,1636
hsa04613,0.10925508135334173,4248
hsa04614,0.07514842330619155,1057
hsa04620,0.032141340749158476,3153
hsa04621,0.009351001172128936,6353
hsa04622,0.009656023231818738,2123
hsa04623,0.007905306283700267,2478
hsa04625,0.03692741520062294,4847
hsa04630,0.014109538285207765,4134
hsa04640,0.027927295149350693,2935
hsa04650,0.019027370667745836,4357
hsa04657,0.058044043131661296,3031
hsa04658,0.03297590989942644,2870
hsa04659,0.03080838131795547,3345
hsa04660,0.06918707115938989,5118
hsa04662,0.04666027525149874,4179
hsa04664,0.028471177000014506,2807
hsa04666,0.1132193477871921,3227
hsa04668,0.0333981617419433,4089
hsa04670,0.08085538424525078,3838
hsa04672,0.020921206572007172,1355
hsa04710,0.06589927411946718,1437
hsa04713,0.06225433891771854,4158
hsa04714,0.04214337221681547,5966
hsa04720,0.02922397510616599,3277
hsa04721,0.10716707152348787,2681
hsa04722,0.018333737022990366,4516
hsa04723,0.06952218648061433,4344
hsa04724,0.11952902537385798,6005
hsa04725,0.044260807076046745,4680
hsa04726,0.05777188676846387,4556
hsa04727,0.10152010887955167,3344
hsa04728,0.08777357852456048,4133
hsa04730,0.05303525043756227,3438
hsa04740,0.02103078353251236,6971
hsa04742,0.056359074958886764,3460
hsa04744,0.11155930784033563,1072
hsa04750,0.11193027446158227,3633
hsa04810,0.0503854631326599,8270
hsa04814,0.05580840472250714,8517
hsa04820,0.026538854771136437,12354
hsa04910,0.043572739452938665,4666
hsa04911,0.07266411488145025,3903
hsa04912,0.02879707229542148,3879
hsa04913,0.12018265416602422,1913
hsa04914,0.02093307286031298,4054
hsa04915,0.04674302056214312,5202
hsa04916,0.03099982704050274,3860
hsa04917,0.018090147373877,2959
hsa04918,0.10383932405870688,4121
hsa04919,0.024699121058842363,6140
hsa04920,0.04587651311466243,2568
hsa04921,0.06213857452268679,6844
hsa04922,0.05825054065206965,3228
hsa04923,0.11271650185258543,2666
hsa04924,0.09427968833639189,2853
hsa04925,0.09631151612915857,4058
hsa04926,0.02062046207761024,4716
hsa04927,0.09317537714704836,3421
hsa04928,0.07193567596677289,4697
hsa04929,0.04450108636577426,3610
hsa04930,0.08866893169376595,2620
hsa04931,0.08648216346741697,3933
hsa04932,0.05485267899055007,3546
hsa04933,0.018523126726424453,4271
hsa04934,0.05274471610770429,5957
hsa04935,0.021629274855506756,5090
hsa04936,0.010219302491988363,4244
hsa04940,0.03153417310605909,999
hsa04950,0.02506900221335869,1013
hsa04960,0.04374860601355137,2280
hsa04961,0.12494734170479248,2045
hsa04962,0.1306119590147638,1598
hsa04964,0.2024817289698706,837
hsa04966,0.16083437912504195,683
hsa04970,0.11368277240416656,4533
hsa04971,0.11743759910000746,2849
hsa04972,0.1110878514154483,4085
hsa04973,0.11600464260478736,1888
hsa04974,0.0288136772401296,4242
hsa04975,0.037015938141137426,2303
hsa04976,0.09822286449624082,2970
hsa04977,0.03532016076980461,1980
hsa04978,0.14671252326609707,3326
hsa04979,0.04446729932318725,2541
hsa04980,0.07188489043757805,1288
hsa04981,0.12040910804686952,1356
hsa05010,0.04219071997485977,10000
hsa05012,0.08159804781676601,6207
hsa05014,0.025186141367766268,10381
hsa05016,0.03761192069718737,9081
hsa05017,0.04770138948255151,5780
hsa05020,0.0865648113237824,7004
hsa05022,0.03554921770206068,13800
hsa05030,0.10618993303774263,1868
hsa05031,0.097057144023833,2383
hsa05032,0.09115043697410752,2892
hsa05033,0.056837115071420787,1926
hsa05034,0.05984425172477353,3592
hsa05100,0.12570410248274788,4423
hsa05110,0.16187790334591123,1630
hsa05120,0.0836400369971524,2622
hsa05130,0.09212848684138855,6700
hsa05131,0.07536298442685484,8216
hsa05132,0.07681119640993553,7652
hsa05133,0.047941027893880786,2097
hsa05134,0.10321710189080933,1989
hsa05135,0.0887659171516753,5165
hsa05140,0.06009431400296481,2088
hsa05142,0.0800718447864949,3093
hsa05143,0.06438601958959562,1513
hsa05144,0.09616227735370872,2128
hsa05145,0.07743974416055635,3395
hsa05146,0.059028586516801214,3734
hsa05150,0.050268075344862995,2375
hsa05152,0.040551356142969675,4024
hsa05160,0.03516854778956255,5034
hsa05161,0.03188892587751332,6731
hsa05162,0.013269013951535949,4050
hsa05163,0.026173243852948835,7931
hsa05164,0.042570850148388434,4776
hsa05165,0.0076077306713426334,11785
hsa05166,0.010398662920357333,7828
hsa05167,0.0070372730723358085,7073
hsa05168,0.010523368364048305,5094
hsa05169,0.01669736936365964,5917
hsa05170,0.059241504464009956,6807
hsa05171,0.06638552179732847,5100
hsa05200,0.009441697225815525,14996
hsa05202,0.02209588674862461,6190
hsa05203,0.009126444624482359,6020
hsa05204,0.10038744193706416,1445
hsa05205,0.04290847476912677,9194
hsa05206,0.010736811086126357,7855
hsa05207,0.05176332450484773,6302
hsa05208,0.010312649513654688,5087
hsa05210,0.02569445644591543,4762
hsa05211,0.019933888585517284,3424
hsa05212,0.024595531530800952,4123
hsa05213,0.034146962192524645,3738
hsa05214,0.036372914045761706,3831
hsa05215,0.012456244760462578,5533
hsa05216,0.0813661221207048,2734
hsa05217,0.03599080328485055,2557
hsa05218,0.016789895853796026,3831
hsa05219,0.045505164475701514,2647
hsa05220,0.0245169642016171,4070
hsa05221,0.016607301371072695,3466
hsa05222,0.02765958426105644,4654
hsa05223,0.028014928451932215,4022
hsa05224,0.024245641384559206,6187
hsa05225,0.012285572301266404,6489
hsa05226,0.015769073287963925,5819
hsa05230,0.02505065272489223,3892
hsa05231,0.02556009047759538,3766
hsa05235,0.0445331884243152,4232
hsa05310,0.036894722723056904,821
hsa05320,0.027900519875786626,1267
hsa05321,0.018312249441987474,1780
hsa05322,0.08017834864651349,2026
hsa05323,0.05034735441256466,2109
hsa05330,0.03712449620879358,879
hsa05332,0.03496339077370076,752
hsa05340,0.01162654774537399,1468
hsa05410,0.04052716597227368,5830
hsa05412,0.042578304963488044,4481
hsa05414,0.047806568459216575,6229
hsa05415,0.09687319679953604,5210
hsa05416,0.05557057129062662,2547
hsa05417,0.02757394430489102,7739
hsa05418,0.04455762728200162,4804
